train_no,avg_delay
12259,21.58823529411765
12004,19.235294117647058
22691,19.294117647058822
12621,24.647058823529413
12595,22.176470588235293
12029,22.11764705882353
12952,20.88235294117647
12137,21.0
12393,22.676470588235293
12622,23.5
12627,22.558823529411764
12431,22.676470588235293
12013,19.294117647058822
12003,19.264705882352942
12951,20.294117647058822
12302,20.38235294117647
12015,19.352941176470587
11057,22.5
12311,21.705882352941178
12301,20.38235294117647
